{
  "gymnasium_version": "1.2.1",
  "mujoco_version": "3.9.0",
  "environment_id": "Hopper-v5",
  "qpos": [
    0.0,
    1.25,
    0.0,
    0.0,
    0.0,
    0.0
  ],
  "qvel": [
    0.0,
    0.0,
    0.0,
    0.0,
    0.0,
    0.0
  ],
  "actions": [
    [
      0.0,
      0.2005036175251007,
      0.3286847770214081
    ],
    [
      0.12656539678573608,
      0.290674090385437,
      0.34993547201156616
    ],
    [
      0.23600077629089355,
      0.34150317311286926,
      0.323824018239975
    ],
    [
      0.3134945333003998,
      0.3461114168167114,
      0.25388452410697937
    ],
    [
      0.34855830669403076,
      0.3038751184940338,
      0.14958295226097107
    ],
    [
      0.3364463150501251,
      0.22051072120666504,
      0.025036029517650604
    ],
    [
      0.2787979245185852,
      0.1073012426495552,
      -0.10289940983057022
    ],
    [
      0.1834155172109604,
      -0.020430950447916985,
      -0.21690788865089417
    ],
    [
      0.0632086917757988,
      -0.14539791643619537,
      -0.3015589118003845
    ],
    [
      -0.06555312871932983,
      -0.2506859600543976,
      -0.34539535641670227
    ],
    [
      -0.18544265627861023,
      -0.32204481959342957,
      -0.34248414635658264
    ],
    [
      -0.28023338317871094,
      -0.3498164415359497,
      -0.29321932792663574
    ],
    [
      -0.33709582686424255,
      -0.3302420377731323,
      -0.20426863431930542
    ],
    [
      -0.3483339250087738,
      -0.265970915555954,
      -0.08767114579677582
    ],
    [
      -0.31242668628692627,
      -0.16570189595222473,
      0.04079222306609154
    ],
    [
      -0.23423394560813904,
      -0.04300589859485626,
      0.1637345552444458
    ],
    [
      -0.12433874607086182,
      0.0855107456445694,
      0.2645161747932434
    ],
    [
      0.00238512409850955,
      0.20245391130447388,
      0.3294967710971832
    ],
    [
      0.12878617644309998,
      0.29199591279029846,
      0.34988152980804443
    ],
    [
      0.2377566248178482,
      0.34201759099960327,
      0.32291147112846375
    ]
  ],
  "states": [
    {
      "qpos": [
        0.0,
        1.25,
        0.0,
        0.0,
        0.0,
        0.0
      ],
      "qvel": [
        0.0,
        0.0,
        0.0,
        0.0,
        0.0,
        0.0
      ]
    },
    {
      "qpos": [
        5.8405414074317566e-05,
        1.2496440638267763,
        0.00012403143482524133,
        -5.1244171337450954e-05,
        0.00022801697722726728,
        0.001870785943624801
      ],
      "qvel": [
        0.012268005190000063,
        -0.08869930960423368,
        0.02058977770610933,
        -0.010367817029654386,
        0.030166241745460166,
        0.4686157744219236
      ]
    },
    {
      "qpos": [
        0.00021759341642264227,
        1.2485773575396097,
        0.0006340986145425371,
        0.00019182718323279452,
        0.0004794011738256762,
        0.0076049527345075675
      ],
      "qvel": [
        0.02524502957431385,
        -0.17783231082758766,
        0.07313038428737484,
        0.032337286784080085,
        0.030892501162502375,
        0.9650492064906966
      ]
    },
    {
      "qpos": [
        0.000456993070652426,
        1.2468022237735903,
        0.001272076233893961,
        0.00045385928328834773,
        0.0007112275927028026,
        0.017153156983634493
      ],
      "qvel": [
        0.034341411958435944,
        -0.2659204023841715,
        0.0840640356472921,
        0.03142332997666971,
        0.0255472311290492,
        1.4215556424591276
      ]
    },
    {
      "qpos": [
        0.0007575405436196589,
        1.2443313266344262,
        0.001963477690018557,
        0.0006972811594497257,
        0.0008812839297013026,
        0.029940667923760392
      ],
      "qvel": [
        0.040663826584689235,
        -0.35179002985320973,
        0.08702605061626464,
        0.027473005215121783,
        0.016997018138813828,
        1.7749147808639814
      ]
    },
    {
      "qpos": [
        0.0010941080331573288,
        1.2411864109565476,
        0.0026396603850584103,
        0.0008895467667375213,
        0.0009806409420146406,
        0.04494774839350312
      ],
      "qvel": [
        0.043502745675223095,
        -0.434439079821818,
        0.08194007947624328,
        0.020203402340028574,
        0.008544325783987061,
        1.9765716394425363
      ]
    },
    {
      "qpos": [
        0.0014377817144690306,
        1.2373955843014603,
        0.0032485501300255795,
        0.0010199977144648422,
        0.0010118419383531275,
        0.06084907862207642
      ],
      "qvel": [
        0.04252809850071565,
        -0.5132770313651541,
        0.07111037897976674,
        0.012852271307200224,
        0.0002503036867629938,
        1.9986709674429646
      ]
    },
    {
      "qpos": [
        0.0017581061925676822,
        1.2329896692681883,
        0.0037465240197248188,
        0.001089675119952965,
        0.0009746514737065734,
        0.07619430098805843
      ],
      "qvel": [
        0.037723027079062575,
        -0.5882200497176719,
        0.05467009173428529,
        0.005328505657142057,
        -0.008294597343213134,
        1.83775263401274
      ]
    },
    {
      "qpos": [
        0.002026263293600478,
        1.2279980327547908,
        0.00408940987050018,
        0.001093580234386029,
        0.0008657629192449527,
        0.08960463704645613
      ],
      "qvel": [
        0.029443831626215573,
        -0.6597052901607315,
        0.03231249979794615,
        -0.003232501661884318,
        -0.018488855793536634,
        1.5151876144594278
      ]
    },
    {
      "qpos": [
        0.0021772564362034217,
        1.2225251877170535,
        0.0039376466674179485,
        0.0010262056923728265,
        -1.8184287272022658e-05,
        0.0998611940102949
      ],
      "qvel": [
        0.018365881474206806,
        -0.6630164521488866,
        -0.07445581183682513,
        -0.012488417783637872,
        -0.2359779464203939,
        0.9670893238818845
      ]
    },
    {
      "qpos": [
        0.0023038275621530273,
        1.21775382258731,
        0.0022592960571566805,
        0.0006001502293617888,
        -0.003630767240653658,
        0.10426552881298107
      ],
      "qvel": [
        0.011063610168508452,
        -0.5357748967645507,
        -0.3472024357169366,
        -0.09220958996916388,
        -0.6601812372236866,
        0.14663429150457988
      ]
    },
    {
      "qpos": [
        0.002250301898242575,
        1.2138510086061824,
        -0.0023700871952485212,
        -0.0010859778518467578,
        -0.010788197823027947,
        0.10247163493307737
      ],
      "qvel": [
        -0.02606172489751164,
        -0.4462618769489496,
        -0.8100895253252235,
        -0.3279224545935725,
        -1.123686776110095,
        -0.583258188436016
      ]
    },
    {
      "qpos": [
        0.0018298285948651224,
        1.2105153255478538,
        -0.011208314755254932,
        -0.005171744918328629,
        -0.021650242531112748,
        0.09540019524815815
      ],
      "qvel": [
        -0.08022328971389198,
        -0.39387958476635665,
        -1.3982674563850703,
        -0.6923731251199967,
        -1.5875378307498804,
        -1.1742529551367356
      ]
    },
    {
      "qpos": [
        0.000959779987595527,
        1.2074620297494674,
        -0.02494473158867801,
        -0.012501867729257226,
        -0.03604360553740342,
        0.08430403292187474
      ],
      "qvel": [
        -0.13805655708320033,
        -0.37510120666800767,
        -2.0340682862686963,
        -1.1392126876274242,
        -2.0076350111142918,
        -1.591505563866389
      ]
    },
    {
      "qpos": [
        -0.0003379059140238777,
        1.2044458840571775,
        -0.043629536570632205,
        -0.02350145137638511,
        -0.053452280255412016,
        0.07063999347222559
      ],